ITEM,SYST,Organism,System
FRSHW,CATCH,freshwater-fish,fisheries
FRSHF,AQUA_F,freshwater-aquaculture,aquaculture
SALMW,CATCH,medium-pelagic,fisheries
MARNW,CATCH,medium-pelagic,fisheries
CEPHW,CATCH,medium-pelagic,fisheries
CRSTW,CATCH,benthic,fisheries
DMRSW,CATCH,demersal,fisheries
PELGW,CATCH,forage-fish,fisheries
SHRIW,CATCH,benthic,fisheries
TUNAW,CATCH,large-pelagic,fisheries
MLSCW,CATCH,benthic,fisheries
MLSCF,AQUA_M,bivalve-aquaculture,aquaculture
SALMF,AQUA_M,salmon-aquaculture,aquaculture
TUNAF,AQUA_M,tuna-aquaculture,aquaculture
PELGF,AQUA_M,marine-fish-general-aquaculture,aquaculture
DMRSF,AQUA_M,marine-fish-general-aquaculture,aquaculture
SHRIF,AQUA_M,shrimp-aquaculture,aquaculture
CRSTF,AQUA_M,crustaceans-aquaculture,aquaculture
FSHM,FEED,feedfofm,intermediate
FSHO,FEED,feedfofm,intermediate
BARL,CROP,barl,crop
CASS,CROP,cass,crop
CORN,CROP,maiz,crop
COTT,CROP,xoil,crop
GNUT,CROP,xoil,crop
MILL,CROP,xmil,crop
POTA,CROP,pota,crop
RICE,CROP,rice,crop
SOYA,CROP,soyb,crop
SRGH,CROP,sorg,crop
SUGC,CROP,sugc,crop
SUNF,CROP,NA,crop
SWPO,CROP,swpo,crop
WHEA,CROP,whea,crop
RAPE_ML,CROP,NA,crop
SOY_ML,CROP,NA,crop
BVMEAT,ANIMAL,bovine,livestock
SGMEAT,ANIMAL,smallruminants,livestock
PGMEAT,ANIMAL,pigs,livestock
PTMEAT,ANIMAL,chickens,livestock
BVMILK,ANIMAL,bovine,livestock
ALMILK,ANIMAL,NA,livestock
PTEGGS,ANIMAL,chickens,livestock
BEAD,CROP,xpul,crop
CHKP,CROP,xpul,crop
RAPE,CROP,xoil,crop
OPAL,CROP,oilp,crop
SGMILK,ANIMAL,smallruminants,livestock
